FileName_AA,FileName_DA,FileName_DD,FileName_ED,FileName_MB,ImageNumber,Metadata_batch,Metadata_hour,Metadata_label,Metadata_time
clMcf7_exp20240515_h1_b0_ic0_cAA.tif,clMcf7_exp20240515_h1_b0_ic0_cDA.tif,clMcf7_exp20240515_h1_b0_ic0_cDD.tif,clMcf7_exp20240515_h1_b0_ic0_cED.tif,clMcf7_exp20240515_h1_b0_ic0_cMB.tif,1,0,1,0,20240515
clMcf7_exp20240515_h1_b10_ic0_cAA.tif,clMcf7_exp20240515_h1_b10_ic0_cDA.tif,clMcf7_exp20240515_h1_b10_ic0_cDD.tif,clMcf7_exp20240515_h1_b10_ic0_cED.tif,clMcf7_exp20240515_h1_b10_ic0_cMB.tif,2,10,1,0,20240515
clMcf7_exp20240515_h1_b1_ic0_cAA.tif,clMcf7_exp20240515_h1_b1_ic0_cDA.tif,clMcf7_exp20240515_h1_b1_ic0_cDD.tif,clMcf7_exp20240515_h1_b1_ic0_cED.tif,clMcf7_exp20240515_h1_b1_ic0_cMB.tif,3,1,1,0,20240515
clMcf7_exp20240515_h1_b2_ic0_cAA.tif,clMcf7_exp20240515_h1_b2_ic0_cDA.tif,clMcf7_exp20240515_h1_b2_ic0_cDD.tif,clMcf7_exp20240515_h1_b2_ic0_cED.tif,clMcf7_exp20240515_h1_b2_ic0_cMB.tif,4,2,1,0,20240515
clMcf7_exp20240515_h1_b3_ic0_cAA.tif,clMcf7_exp20240515_h1_b3_ic0_cDA.tif,clMcf7_exp20240515_h1_b3_ic0_cDD.tif,clMcf7_exp20240515_h1_b3_ic0_cED.tif,clMcf7_exp20240515_h1_b3_ic0_cMB.tif,5,3,1,0,20240515
clMcf7_exp20240515_h1_b4_ic0_cAA.tif,clMcf7_exp20240515_h1_b4_ic0_cDA.tif,clMcf7_exp20240515_h1_b4_ic0_cDD.tif,clMcf7_exp20240515_h1_b4_ic0_cED.tif,clMcf7_exp20240515_h1_b4_ic0_cMB.tif,6,4,1,0,20240515
clMcf7_exp20240515_h1_b5_ic0_cAA.tif,clMcf7_exp20240515_h1_b5_ic0_cDA.tif,clMcf7_exp20240515_h1_b5_ic0_cDD.tif,clMcf7_exp20240515_h1_b5_ic0_cED.tif,clMcf7_exp20240515_h1_b5_ic0_cMB.tif,7,5,1,0,20240515
clMcf7_exp20240515_h1_b6_ic0_cAA.tif,clMcf7_exp20240515_h1_b6_ic0_cDA.tif,clMcf7_exp20240515_h1_b6_ic0_cDD.tif,clMcf7_exp20240515_h1_b6_ic0_cED.tif,clMcf7_exp20240515_h1_b6_ic0_cMB.tif,8,6,1,0,20240515
clMcf7_exp20240515_h1_b7_ic0_cAA.tif,clMcf7_exp20240515_h1_b7_ic0_cDA.tif,clMcf7_exp20240515_h1_b7_ic0_cDD.tif,clMcf7_exp20240515_h1_b7_ic0_cED.tif,clMcf7_exp20240515_h1_b7_ic0_cMB.tif,9,7,1,0,20240515
clMcf7_exp20240515_h1_b8_ic0_cAA.tif,clMcf7_exp20240515_h1_b8_ic0_cDA.tif,clMcf7_exp20240515_h1_b8_ic0_cDD.tif,clMcf7_exp20240515_h1_b8_ic0_cED.tif,clMcf7_exp20240515_h1_b8_ic0_cMB.tif,10,8,1,0,20240515
clMcf7_exp20240515_h1_b9_ic0_cAA.tif,clMcf7_exp20240515_h1_b9_ic0_cDA.tif,clMcf7_exp20240515_h1_b9_ic0_cDD.tif,clMcf7_exp20240515_h1_b9_ic0_cED.tif,clMcf7_exp20240515_h1_b9_ic0_cMB.tif,11,9,1,0,20240515
clMcf7_exp20240515_h1_b0_ic1_cAA.tif,clMcf7_exp20240515_h1_b0_ic1_cDA.tif,clMcf7_exp20240515_h1_b0_ic1_cDD.tif,clMcf7_exp20240515_h1_b0_ic1_cED.tif,clMcf7_exp20240515_h1_b0_ic1_cMB.tif,12,0,1,1,20240515
clMcf7_exp20240515_h1_b1_ic1_cAA.tif,clMcf7_exp20240515_h1_b1_ic1_cDA.tif,clMcf7_exp20240515_h1_b1_ic1_cDD.tif,clMcf7_exp20240515_h1_b1_ic1_cED.tif,clMcf7_exp20240515_h1_b1_ic1_cMB.tif,13,1,1,1,20240515
clMcf7_exp20240515_h1_b2_ic1_cAA.tif,clMcf7_exp20240515_h1_b2_ic1_cDA.tif,clMcf7_exp20240515_h1_b2_ic1_cDD.tif,clMcf7_exp20240515_h1_b2_ic1_cED.tif,clMcf7_exp20240515_h1_b2_ic1_cMB.tif,14,2,1,1,20240515
clMcf7_exp20240515_h1_b3_ic1_cAA.tif,clMcf7_exp20240515_h1_b3_ic1_cDA.tif,clMcf7_exp20240515_h1_b3_ic1_cDD.tif,clMcf7_exp20240515_h1_b3_ic1_cED.tif,clMcf7_exp20240515_h1_b3_ic1_cMB.tif,15,3,1,1,20240515
clMcf7_exp20240515_h1_b4_ic1_cAA.tif,clMcf7_exp20240515_h1_b4_ic1_cDA.tif,clMcf7_exp20240515_h1_b4_ic1_cDD.tif,clMcf7_exp20240515_h1_b4_ic1_cED.tif,clMcf7_exp20240515_h1_b4_ic1_cMB.tif,16,4,1,1,20240515
clMcf7_exp20240515_h1_b5_ic1_cAA.tif,clMcf7_exp20240515_h1_b5_ic1_cDA.tif,clMcf7_exp20240515_h1_b5_ic1_cDD.tif,clMcf7_exp20240515_h1_b5_ic1_cED.tif,clMcf7_exp20240515_h1_b5_ic1_cMB.tif,17,5,1,1,20240515
clMcf7_exp20240515_h2_b0_ic0_cAA.tif,clMcf7_exp20240515_h2_b0_ic0_cDA.tif,clMcf7_exp20240515_h2_b0_ic0_cDD.tif,clMcf7_exp20240515_h2_b0_ic0_cED.tif,clMcf7_exp20240515_h2_b0_ic0_cMB.tif,18,0,2,0,20240515
clMcf7_exp20240515_h2_b10_ic0_cAA.tif,clMcf7_exp20240515_h2_b10_ic0_cDA.tif,clMcf7_exp20240515_h2_b10_ic0_cDD.tif,clMcf7_exp20240515_h2_b10_ic0_cED.tif,clMcf7_exp20240515_h2_b10_ic0_cMB.tif,19,10,2,0,20240515
clMcf7_exp20240515_h2_b11_ic0_cAA.tif,clMcf7_exp20240515_h2_b11_ic0_cDA.tif,clMcf7_exp20240515_h2_b11_ic0_cDD.tif,clMcf7_exp20240515_h2_b11_ic0_cED.tif,clMcf7_exp20240515_h2_b11_ic0_cMB.tif,20,11,2,0,20240515
clMcf7_exp20240515_h2_b12_ic0_cAA.tif,clMcf7_exp20240515_h2_b12_ic0_cDA.tif,clMcf7_exp20240515_h2_b12_ic0_cDD.tif,clMcf7_exp20240515_h2_b12_ic0_cED.tif,clMcf7_exp20240515_h2_b12_ic0_cMB.tif,21,12,2,0,20240515
clMcf7_exp20240515_h2_b13_ic0_cAA.tif,clMcf7_exp20240515_h2_b13_ic0_cDA.tif,clMcf7_exp20240515_h2_b13_ic0_cDD.tif,clMcf7_exp20240515_h2_b13_ic0_cED.tif,clMcf7_exp20240515_h2_b13_ic0_cMB.tif,22,13,2,0,20240515
clMcf7_exp20240515_h2_b14_ic0_cAA.tif,clMcf7_exp20240515_h2_b14_ic0_cDA.tif,clMcf7_exp20240515_h2_b14_ic0_cDD.tif,clMcf7_exp20240515_h2_b14_ic0_cED.tif,clMcf7_exp20240515_h2_b14_ic0_cMB.tif,23,14,2,0,20240515
clMcf7_exp20240515_h2_b15_ic0_cAA.tif,clMcf7_exp20240515_h2_b15_ic0_cDA.tif,clMcf7_exp20240515_h2_b15_ic0_cDD.tif,clMcf7_exp20240515_h2_b15_ic0_cED.tif,clMcf7_exp20240515_h2_b15_ic0_cMB.tif,24,15,2,0,20240515
clMcf7_exp20240515_h2_b16_ic0_cAA.tif,clMcf7_exp20240515_h2_b16_ic0_cDA.tif,clMcf7_exp20240515_h2_b16_ic0_cDD.tif,clMcf7_exp20240515_h2_b16_ic0_cED.tif,clMcf7_exp20240515_h2_b16_ic0_cMB.tif,25,16,2,0,20240515
clMcf7_exp20240515_h2_b1_ic0_cAA.tif,clMcf7_exp20240515_h2_b1_ic0_cDA.tif,clMcf7_exp20240515_h2_b1_ic0_cDD.tif,clMcf7_exp20240515_h2_b1_ic0_cED.tif,clMcf7_exp20240515_h2_b1_ic0_cMB.tif,26,1,2,0,20240515
clMcf7_exp20240515_h2_b2_ic0_cAA.tif,clMcf7_exp20240515_h2_b2_ic0_cDA.tif,clMcf7_exp20240515_h2_b2_ic0_cDD.tif,clMcf7_exp20240515_h2_b2_ic0_cED.tif,clMcf7_exp20240515_h2_b2_ic0_cMB.tif,27,2,2,0,20240515
clMcf7_exp20240515_h2_b3_ic0_cAA.tif,clMcf7_exp20240515_h2_b3_ic0_cDA.tif,clMcf7_exp20240515_h2_b3_ic0_cDD.tif,clMcf7_exp20240515_h2_b3_ic0_cED.tif,clMcf7_exp20240515_h2_b3_ic0_cMB.tif,28,3,2,0,20240515
clMcf7_exp20240515_h2_b4_ic0_cAA.tif,clMcf7_exp20240515_h2_b4_ic0_cDA.tif,clMcf7_exp20240515_h2_b4_ic0_cDD.tif,clMcf7_exp20240515_h2_b4_ic0_cED.tif,clMcf7_exp20240515_h2_b4_ic0_cMB.tif,29,4,2,0,20240515
clMcf7_exp20240515_h2_b5_ic0_cAA.tif,clMcf7_exp20240515_h2_b5_ic0_cDA.tif,clMcf7_exp20240515_h2_b5_ic0_cDD.tif,clMcf7_exp20240515_h2_b5_ic0_cED.tif,clMcf7_exp20240515_h2_b5_ic0_cMB.tif,30,5,2,0,20240515
clMcf7_exp20240515_h2_b6_ic0_cAA.tif,clMcf7_exp20240515_h2_b6_ic0_cDA.tif,clMcf7_exp20240515_h2_b6_ic0_cDD.tif,clMcf7_exp20240515_h2_b6_ic0_cED.tif,clMcf7_exp20240515_h2_b6_ic0_cMB.tif,31,6,2,0,20240515
clMcf7_exp20240515_h2_b7_ic0_cAA.tif,clMcf7_exp20240515_h2_b7_ic0_cDA.tif,clMcf7_exp20240515_h2_b7_ic0_cDD.tif,clMcf7_exp20240515_h2_b7_ic0_cED.tif,clMcf7_exp20240515_h2_b7_ic0_cMB.tif,32,7,2,0,20240515
clMcf7_exp20240515_h2_b8_ic0_cAA.tif,clMcf7_exp20240515_h2_b8_ic0_cDA.tif,clMcf7_exp20240515_h2_b8_ic0_cDD.tif,clMcf7_exp20240515_h2_b8_ic0_cED.tif,clMcf7_exp20240515_h2_b8_ic0_cMB.tif,33,8,2,0,20240515
clMcf7_exp20240515_h2_b9_ic0_cAA.tif,clMcf7_exp20240515_h2_b9_ic0_cDA.tif,clMcf7_exp20240515_h2_b9_ic0_cDD.tif,clMcf7_exp20240515_h2_b9_ic0_cED.tif,clMcf7_exp20240515_h2_b9_ic0_cMB.tif,34,9,2,0,20240515
clMcf7_exp20240515_h2_b0_ic1_cAA.tif,clMcf7_exp20240515_h2_b0_ic1_cDA.tif,clMcf7_exp20240515_h2_b0_ic1_cDD.tif,clMcf7_exp20240515_h2_b0_ic1_cED.tif,clMcf7_exp20240515_h2_b0_ic1_cMB.tif,35,0,2,1,20240515
clMcf7_exp20240515_h2_b10_ic1_cAA.tif,clMcf7_exp20240515_h2_b10_ic1_cDA.tif,clMcf7_exp20240515_h2_b10_ic1_cDD.tif,clMcf7_exp20240515_h2_b10_ic1_cED.tif,clMcf7_exp20240515_h2_b10_ic1_cMB.tif,36,10,2,1,20240515
clMcf7_exp20240515_h2_b11_ic1_cAA.tif,clMcf7_exp20240515_h2_b11_ic1_cDA.tif,clMcf7_exp20240515_h2_b11_ic1_cDD.tif,clMcf7_exp20240515_h2_b11_ic1_cED.tif,clMcf7_exp20240515_h2_b11_ic1_cMB.tif,37,11,2,1,20240515
clMcf7_exp20240515_h2_b12_ic1_cAA.tif,clMcf7_exp20240515_h2_b12_ic1_cDA.tif,clMcf7_exp20240515_h2_b12_ic1_cDD.tif,clMcf7_exp20240515_h2_b12_ic1_cED.tif,clMcf7_exp20240515_h2_b12_ic1_cMB.tif,38,12,2,1,20240515
clMcf7_exp20240515_h2_b13_ic1_cAA.tif,clMcf7_exp20240515_h2_b13_ic1_cDA.tif,clMcf7_exp20240515_h2_b13_ic1_cDD.tif,clMcf7_exp20240515_h2_b13_ic1_cED.tif,clMcf7_exp20240515_h2_b13_ic1_cMB.tif,39,13,2,1,20240515
clMcf7_exp20240515_h2_b14_ic1_cAA.tif,clMcf7_exp20240515_h2_b14_ic1_cDA.tif,clMcf7_exp20240515_h2_b14_ic1_cDD.tif,clMcf7_exp20240515_h2_b14_ic1_cED.tif,clMcf7_exp20240515_h2_b14_ic1_cMB.tif,40,14,2,1,20240515
clMcf7_exp20240515_h2_b1_ic1_cAA.tif,clMcf7_exp20240515_h2_b1_ic1_cDA.tif,clMcf7_exp20240515_h2_b1_ic1_cDD.tif,clMcf7_exp20240515_h2_b1_ic1_cED.tif,clMcf7_exp20240515_h2_b1_ic1_cMB.tif,41,1,2,1,20240515
clMcf7_exp20240515_h2_b2_ic1_cAA.tif,clMcf7_exp20240515_h2_b2_ic1_cDA.tif,clMcf7_exp20240515_h2_b2_ic1_cDD.tif,clMcf7_exp20240515_h2_b2_ic1_cED.tif,clMcf7_exp20240515_h2_b2_ic1_cMB.tif,42,2,2,1,20240515
clMcf7_exp20240515_h2_b3_ic1_cAA.tif,clMcf7_exp20240515_h2_b3_ic1_cDA.tif,clMcf7_exp20240515_h2_b3_ic1_cDD.tif,clMcf7_exp20240515_h2_b3_ic1_cED.tif,clMcf7_exp20240515_h2_b3_ic1_cMB.tif,43,3,2,1,20240515
clMcf7_exp20240515_h2_b4_ic1_cAA.tif,clMcf7_exp20240515_h2_b4_ic1_cDA.tif,clMcf7_exp20240515_h2_b4_ic1_cDD.tif,clMcf7_exp20240515_h2_b4_ic1_cED.tif,clMcf7_exp20240515_h2_b4_ic1_cMB.tif,44,4,2,1,20240515
clMcf7_exp20240515_h2_b5_ic1_cAA.tif,clMcf7_exp20240515_h2_b5_ic1_cDA.tif,clMcf7_exp20240515_h2_b5_ic1_cDD.tif,clMcf7_exp20240515_h2_b5_ic1_cED.tif,clMcf7_exp20240515_h2_b5_ic1_cMB.tif,45,5,2,1,20240515
clMcf7_exp20240515_h2_b6_ic1_cAA.tif,clMcf7_exp20240515_h2_b6_ic1_cDA.tif,clMcf7_exp20240515_h2_b6_ic1_cDD.tif,clMcf7_exp20240515_h2_b6_ic1_cED.tif,clMcf7_exp20240515_h2_b6_ic1_cMB.tif,46,6,2,1,20240515
clMcf7_exp20240515_h2_b7_ic1_cAA.tif,clMcf7_exp20240515_h2_b7_ic1_cDA.tif,clMcf7_exp20240515_h2_b7_ic1_cDD.tif,clMcf7_exp20240515_h2_b7_ic1_cED.tif,clMcf7_exp20240515_h2_b7_ic1_cMB.tif,47,7,2,1,20240515
clMcf7_exp20240515_h2_b8_ic1_cAA.tif,clMcf7_exp20240515_h2_b8_ic1_cDA.tif,clMcf7_exp20240515_h2_b8_ic1_cDD.tif,clMcf7_exp20240515_h2_b8_ic1_cED.tif,clMcf7_exp20240515_h2_b8_ic1_cMB.tif,48,8,2,1,20240515
clMcf7_exp20240515_h2_b9_ic1_cAA.tif,clMcf7_exp20240515_h2_b9_ic1_cDA.tif,clMcf7_exp20240515_h2_b9_ic1_cDD.tif,clMcf7_exp20240515_h2_b9_ic1_cED.tif,clMcf7_exp20240515_h2_b9_ic1_cMB.tif,49,9,2,1,20240515
clMcf7_exp20240515_h3_b0_ic0_cAA.tif,clMcf7_exp20240515_h3_b0_ic0_cDA.tif,clMcf7_exp20240515_h3_b0_ic0_cDD.tif,clMcf7_exp20240515_h3_b0_ic0_cED.tif,clMcf7_exp20240515_h3_b0_ic0_cMB.tif,50,0,3,0,20240515
clMcf7_exp20240515_h3_b10_ic0_cAA.tif,clMcf7_exp20240515_h3_b10_ic0_cDA.tif,clMcf7_exp20240515_h3_b10_ic0_cDD.tif,clMcf7_exp20240515_h3_b10_ic0_cED.tif,clMcf7_exp20240515_h3_b10_ic0_cMB.tif,51,10,3,0,20240515
clMcf7_exp20240515_h3_b11_ic0_cAA.tif,clMcf7_exp20240515_h3_b11_ic0_cDA.tif,clMcf7_exp20240515_h3_b11_ic0_cDD.tif,clMcf7_exp20240515_h3_b11_ic0_cED.tif,clMcf7_exp20240515_h3_b11_ic0_cMB.tif,52,11,3,0,20240515
clMcf7_exp20240515_h3_b12_ic0_cAA.tif,clMcf7_exp20240515_h3_b12_ic0_cDA.tif,clMcf7_exp20240515_h3_b12_ic0_cDD.tif,clMcf7_exp20240515_h3_b12_ic0_cED.tif,clMcf7_exp20240515_h3_b12_ic0_cMB.tif,53,12,3,0,20240515
clMcf7_exp20240515_h3_b13_ic0_cAA.tif,clMcf7_exp20240515_h3_b13_ic0_cDA.tif,clMcf7_exp20240515_h3_b13_ic0_cDD.tif,clMcf7_exp20240515_h3_b13_ic0_cED.tif,clMcf7_exp20240515_h3_b13_ic0_cMB.tif,54,13,3,0,20240515
clMcf7_exp20240515_h3_b14_ic0_cAA.tif,clMcf7_exp20240515_h3_b14_ic0_cDA.tif,clMcf7_exp20240515_h3_b14_ic0_cDD.tif,clMcf7_exp20240515_h3_b14_ic0_cED.tif,clMcf7_exp20240515_h3_b14_ic0_cMB.tif,55,14,3,0,20240515
clMcf7_exp20240515_h3_b15_ic0_cAA.tif,clMcf7_exp20240515_h3_b15_ic0_cDA.tif,clMcf7_exp20240515_h3_b15_ic0_cDD.tif,clMcf7_exp20240515_h3_b15_ic0_cED.tif,clMcf7_exp20240515_h3_b15_ic0_cMB.tif,56,15,3,0,20240515
clMcf7_exp20240515_h3_b16_ic0_cAA.tif,clMcf7_exp20240515_h3_b16_ic0_cDA.tif,clMcf7_exp20240515_h3_b16_ic0_cDD.tif,clMcf7_exp20240515_h3_b16_ic0_cED.tif,clMcf7_exp20240515_h3_b16_ic0_cMB.tif,57,16,3,0,20240515
clMcf7_exp20240515_h3_b17_ic0_cAA.tif,clMcf7_exp20240515_h3_b17_ic0_cDA.tif,clMcf7_exp20240515_h3_b17_ic0_cDD.tif,clMcf7_exp20240515_h3_b17_ic0_cED.tif,clMcf7_exp20240515_h3_b17_ic0_cMB.tif,58,17,3,0,20240515
clMcf7_exp20240515_h3_b18_ic0_cAA.tif,clMcf7_exp20240515_h3_b18_ic0_cDA.tif,clMcf7_exp20240515_h3_b18_ic0_cDD.tif,clMcf7_exp20240515_h3_b18_ic0_cED.tif,clMcf7_exp20240515_h3_b18_ic0_cMB.tif,59,18,3,0,20240515
clMcf7_exp20240515_h3_b19_ic0_cAA.tif,clMcf7_exp20240515_h3_b19_ic0_cDA.tif,clMcf7_exp20240515_h3_b19_ic0_cDD.tif,clMcf7_exp20240515_h3_b19_ic0_cED.tif,clMcf7_exp20240515_h3_b19_ic0_cMB.tif,60,19,3,0,20240515
clMcf7_exp20240515_h3_b1_ic0_cAA.tif,clMcf7_exp20240515_h3_b1_ic0_cDA.tif,clMcf7_exp20240515_h3_b1_ic0_cDD.tif,clMcf7_exp20240515_h3_b1_ic0_cED.tif,clMcf7_exp20240515_h3_b1_ic0_cMB.tif,61,1,3,0,20240515
clMcf7_exp20240515_h3_b2_ic0_cAA.tif,clMcf7_exp20240515_h3_b2_ic0_cDA.tif,clMcf7_exp20240515_h3_b2_ic0_cDD.tif,clMcf7_exp20240515_h3_b2_ic0_cED.tif,clMcf7_exp20240515_h3_b2_ic0_cMB.tif,62,2,3,0,20240515
clMcf7_exp20240515_h3_b3_ic0_cAA.tif,clMcf7_exp20240515_h3_b3_ic0_cDA.tif,clMcf7_exp20240515_h3_b3_ic0_cDD.tif,clMcf7_exp20240515_h3_b3_ic0_cED.tif,clMcf7_exp20240515_h3_b3_ic0_cMB.tif,63,3,3,0,20240515
clMcf7_exp20240515_h3_b4_ic0_cAA.tif,clMcf7_exp20240515_h3_b4_ic0_cDA.tif,clMcf7_exp20240515_h3_b4_ic0_cDD.tif,clMcf7_exp20240515_h3_b4_ic0_cED.tif,clMcf7_exp20240515_h3_b4_ic0_cMB.tif,64,4,3,0,20240515
clMcf7_exp20240515_h3_b5_ic0_cAA.tif,clMcf7_exp20240515_h3_b5_ic0_cDA.tif,clMcf7_exp20240515_h3_b5_ic0_cDD.tif,clMcf7_exp20240515_h3_b5_ic0_cED.tif,clMcf7_exp20240515_h3_b5_ic0_cMB.tif,65,5,3,0,20240515
clMcf7_exp20240515_h3_b6_ic0_cAA.tif,clMcf7_exp20240515_h3_b6_ic0_cDA.tif,clMcf7_exp20240515_h3_b6_ic0_cDD.tif,clMcf7_exp20240515_h3_b6_ic0_cED.tif,clMcf7_exp20240515_h3_b6_ic0_cMB.tif,66,6,3,0,20240515
clMcf7_exp20240515_h3_b7_ic0_cAA.tif,clMcf7_exp20240515_h3_b7_ic0_cDA.tif,clMcf7_exp20240515_h3_b7_ic0_cDD.tif,clMcf7_exp20240515_h3_b7_ic0_cED.tif,clMcf7_exp20240515_h3_b7_ic0_cMB.tif,67,7,3,0,20240515
clMcf7_exp20240515_h3_b8_ic0_cAA.tif,clMcf7_exp20240515_h3_b8_ic0_cDA.tif,clMcf7_exp20240515_h3_b8_ic0_cDD.tif,clMcf7_exp20240515_h3_b8_ic0_cED.tif,clMcf7_exp20240515_h3_b8_ic0_cMB.tif,68,8,3,0,20240515
clMcf7_exp20240515_h3_b9_ic0_cAA.tif,clMcf7_exp20240515_h3_b9_ic0_cDA.tif,clMcf7_exp20240515_h3_b9_ic0_cDD.tif,clMcf7_exp20240515_h3_b9_ic0_cED.tif,clMcf7_exp20240515_h3_b9_ic0_cMB.tif,69,9,3,0,20240515
clMcf7_exp20240515_h3_b0_ic1_cAA.tif,clMcf7_exp20240515_h3_b0_ic1_cDA.tif,clMcf7_exp20240515_h3_b0_ic1_cDD.tif,clMcf7_exp20240515_h3_b0_ic1_cED.tif,clMcf7_exp20240515_h3_b0_ic1_cMB.tif,70,0,3,1,20240515
clMcf7_exp20240515_h3_b10_ic1_cAA.tif,clMcf7_exp20240515_h3_b10_ic1_cDA.tif,clMcf7_exp20240515_h3_b10_ic1_cDD.tif,clMcf7_exp20240515_h3_b10_ic1_cED.tif,clMcf7_exp20240515_h3_b10_ic1_cMB.tif,71,10,3,1,20240515
clMcf7_exp20240515_h3_b11_ic1_cAA.tif,clMcf7_exp20240515_h3_b11_ic1_cDA.tif,clMcf7_exp20240515_h3_b11_ic1_cDD.tif,clMcf7_exp20240515_h3_b11_ic1_cED.tif,clMcf7_exp20240515_h3_b11_ic1_cMB.tif,72,11,3,1,20240515
clMcf7_exp20240515_h3_b12_ic1_cAA.tif,clMcf7_exp20240515_h3_b12_ic1_cDA.tif,clMcf7_exp20240515_h3_b12_ic1_cDD.tif,clMcf7_exp20240515_h3_b12_ic1_cED.tif,clMcf7_exp20240515_h3_b12_ic1_cMB.tif,73,12,3,1,20240515
clMcf7_exp20240515_h3_b13_ic1_cAA.tif,clMcf7_exp20240515_h3_b13_ic1_cDA.tif,clMcf7_exp20240515_h3_b13_ic1_cDD.tif,clMcf7_exp20240515_h3_b13_ic1_cED.tif,clMcf7_exp20240515_h3_b13_ic1_cMB.tif,74,13,3,1,20240515
clMcf7_exp20240515_h3_b14_ic1_cAA.tif,clMcf7_exp20240515_h3_b14_ic1_cDA.tif,clMcf7_exp20240515_h3_b14_ic1_cDD.tif,clMcf7_exp20240515_h3_b14_ic1_cED.tif,clMcf7_exp20240515_h3_b14_ic1_cMB.tif,75,14,3,1,20240515
clMcf7_exp20240515_h3_b15_ic1_cAA.tif,clMcf7_exp20240515_h3_b15_ic1_cDA.tif,clMcf7_exp20240515_h3_b15_ic1_cDD.tif,clMcf7_exp20240515_h3_b15_ic1_cED.tif,clMcf7_exp20240515_h3_b15_ic1_cMB.tif,76,15,3,1,20240515
clMcf7_exp20240515_h3_b16_ic1_cAA.tif,clMcf7_exp20240515_h3_b16_ic1_cDA.tif,clMcf7_exp20240515_h3_b16_ic1_cDD.tif,clMcf7_exp20240515_h3_b16_ic1_cED.tif,clMcf7_exp20240515_h3_b16_ic1_cMB.tif,77,16,3,1,20240515
clMcf7_exp20240515_h3_b17_ic1_cAA.tif,clMcf7_exp20240515_h3_b17_ic1_cDA.tif,clMcf7_exp20240515_h3_b17_ic1_cDD.tif,clMcf7_exp20240515_h3_b17_ic1_cED.tif,clMcf7_exp20240515_h3_b17_ic1_cMB.tif,78,17,3,1,20240515
clMcf7_exp20240515_h3_b18_ic1_cAA.tif,clMcf7_exp20240515_h3_b18_ic1_cDA.tif,clMcf7_exp20240515_h3_b18_ic1_cDD.tif,clMcf7_exp20240515_h3_b18_ic1_cED.tif,clMcf7_exp20240515_h3_b18_ic1_cMB.tif,79,18,3,1,20240515
clMcf7_exp20240515_h3_b19_ic1_cAA.tif,clMcf7_exp20240515_h3_b19_ic1_cDA.tif,clMcf7_exp20240515_h3_b19_ic1_cDD.tif,clMcf7_exp20240515_h3_b19_ic1_cED.tif,clMcf7_exp20240515_h3_b19_ic1_cMB.tif,80,19,3,1,20240515
clMcf7_exp20240515_h3_b1_ic1_cAA.tif,clMcf7_exp20240515_h3_b1_ic1_cDA.tif,clMcf7_exp20240515_h3_b1_ic1_cDD.tif,clMcf7_exp20240515_h3_b1_ic1_cED.tif,clMcf7_exp20240515_h3_b1_ic1_cMB.tif,81,1,3,1,20240515
clMcf7_exp20240515_h3_b2_ic1_cAA.tif,clMcf7_exp20240515_h3_b2_ic1_cDA.tif,clMcf7_exp20240515_h3_b2_ic1_cDD.tif,clMcf7_exp20240515_h3_b2_ic1_cED.tif,clMcf7_exp20240515_h3_b2_ic1_cMB.tif,82,2,3,1,20240515
clMcf7_exp20240515_h3_b3_ic1_cAA.tif,clMcf7_exp20240515_h3_b3_ic1_cDA.tif,clMcf7_exp20240515_h3_b3_ic1_cDD.tif,clMcf7_exp20240515_h3_b3_ic1_cED.tif,clMcf7_exp20240515_h3_b3_ic1_cMB.tif,83,3,3,1,20240515
clMcf7_exp20240515_h3_b4_ic1_cAA.tif,clMcf7_exp20240515_h3_b4_ic1_cDA.tif,clMcf7_exp20240515_h3_b4_ic1_cDD.tif,clMcf7_exp20240515_h3_b4_ic1_cED.tif,clMcf7_exp20240515_h3_b4_ic1_cMB.tif,84,4,3,1,20240515
clMcf7_exp20240515_h3_b5_ic1_cAA.tif,clMcf7_exp20240515_h3_b5_ic1_cDA.tif,clMcf7_exp20240515_h3_b5_ic1_cDD.tif,clMcf7_exp20240515_h3_b5_ic1_cED.tif,clMcf7_exp20240515_h3_b5_ic1_cMB.tif,85,5,3,1,20240515
clMcf7_exp20240515_h3_b6_ic1_cAA.tif,clMcf7_exp20240515_h3_b6_ic1_cDA.tif,clMcf7_exp20240515_h3_b6_ic1_cDD.tif,clMcf7_exp20240515_h3_b6_ic1_cED.tif,clMcf7_exp20240515_h3_b6_ic1_cMB.tif,86,6,3,1,20240515
clMcf7_exp20240515_h3_b7_ic1_cAA.tif,clMcf7_exp20240515_h3_b7_ic1_cDA.tif,clMcf7_exp20240515_h3_b7_ic1_cDD.tif,clMcf7_exp20240515_h3_b7_ic1_cED.tif,clMcf7_exp20240515_h3_b7_ic1_cMB.tif,87,7,3,1,20240515
clMcf7_exp20240515_h3_b8_ic1_cAA.tif,clMcf7_exp20240515_h3_b8_ic1_cDA.tif,clMcf7_exp20240515_h3_b8_ic1_cDD.tif,clMcf7_exp20240515_h3_b8_ic1_cED.tif,clMcf7_exp20240515_h3_b8_ic1_cMB.tif,88,8,3,1,20240515
clMcf7_exp20240515_h3_b9_ic1_cAA.tif,clMcf7_exp20240515_h3_b9_ic1_cDA.tif,clMcf7_exp20240515_h3_b9_ic1_cDD.tif,clMcf7_exp20240515_h3_b9_ic1_cED.tif,clMcf7_exp20240515_h3_b9_ic1_cMB.tif,89,9,3,1,20240515
clMcf7_exp20240515_h4_b0_ic0_cAA.tif,clMcf7_exp20240515_h4_b0_ic0_cDA.tif,clMcf7_exp20240515_h4_b0_ic0_cDD.tif,clMcf7_exp20240515_h4_b0_ic0_cED.tif,clMcf7_exp20240515_h4_b0_ic0_cMB.tif,90,0,4,0,20240515
clMcf7_exp20240515_h4_b10_ic0_cAA.tif,clMcf7_exp20240515_h4_b10_ic0_cDA.tif,clMcf7_exp20240515_h4_b10_ic0_cDD.tif,clMcf7_exp20240515_h4_b10_ic0_cED.tif,clMcf7_exp20240515_h4_b10_ic0_cMB.tif,91,10,4,0,20240515
clMcf7_exp20240515_h4_b11_ic0_cAA.tif,clMcf7_exp20240515_h4_b11_ic0_cDA.tif,clMcf7_exp20240515_h4_b11_ic0_cDD.tif,clMcf7_exp20240515_h4_b11_ic0_cED.tif,clMcf7_exp20240515_h4_b11_ic0_cMB.tif,92,11,4,0,20240515
clMcf7_exp20240515_h4_b12_ic0_cAA.tif,clMcf7_exp20240515_h4_b12_ic0_cDA.tif,clMcf7_exp20240515_h4_b12_ic0_cDD.tif,clMcf7_exp20240515_h4_b12_ic0_cED.tif,clMcf7_exp20240515_h4_b12_ic0_cMB.tif,93,12,4,0,20240515
clMcf7_exp20240515_h4_b13_ic0_cAA.tif,clMcf7_exp20240515_h4_b13_ic0_cDA.tif,clMcf7_exp20240515_h4_b13_ic0_cDD.tif,clMcf7_exp20240515_h4_b13_ic0_cED.tif,clMcf7_exp20240515_h4_b13_ic0_cMB.tif,94,13,4,0,20240515
clMcf7_exp20240515_h4_b14_ic0_cAA.tif,clMcf7_exp20240515_h4_b14_ic0_cDA.tif,clMcf7_exp20240515_h4_b14_ic0_cDD.tif,clMcf7_exp20240515_h4_b14_ic0_cED.tif,clMcf7_exp20240515_h4_b14_ic0_cMB.tif,95,14,4,0,20240515
clMcf7_exp20240515_h4_b15_ic0_cAA.tif,clMcf7_exp20240515_h4_b15_ic0_cDA.tif,clMcf7_exp20240515_h4_b15_ic0_cDD.tif,clMcf7_exp20240515_h4_b15_ic0_cED.tif,clMcf7_exp20240515_h4_b15_ic0_cMB.tif,96,15,4,0,20240515
clMcf7_exp20240515_h4_b16_ic0_cAA.tif,clMcf7_exp20240515_h4_b16_ic0_cDA.tif,clMcf7_exp20240515_h4_b16_ic0_cDD.tif,clMcf7_exp20240515_h4_b16_ic0_cED.tif,clMcf7_exp20240515_h4_b16_ic0_cMB.tif,97,16,4,0,20240515
clMcf7_exp20240515_h4_b17_ic0_cAA.tif,clMcf7_exp20240515_h4_b17_ic0_cDA.tif,clMcf7_exp20240515_h4_b17_ic0_cDD.tif,clMcf7_exp20240515_h4_b17_ic0_cED.tif,clMcf7_exp20240515_h4_b17_ic0_cMB.tif,98,17,4,0,20240515
clMcf7_exp20240515_h4_b18_ic0_cAA.tif,clMcf7_exp20240515_h4_b18_ic0_cDA.tif,clMcf7_exp20240515_h4_b18_ic0_cDD.tif,clMcf7_exp20240515_h4_b18_ic0_cED.tif,clMcf7_exp20240515_h4_b18_ic0_cMB.tif,99,18,4,0,20240515
clMcf7_exp20240515_h4_b19_ic0_cAA.tif,clMcf7_exp20240515_h4_b19_ic0_cDA.tif,clMcf7_exp20240515_h4_b19_ic0_cDD.tif,clMcf7_exp20240515_h4_b19_ic0_cED.tif,clMcf7_exp20240515_h4_b19_ic0_cMB.tif,100,19,4,0,20240515
clMcf7_exp20240515_h4_b1_ic0_cAA.tif,clMcf7_exp20240515_h4_b1_ic0_cDA.tif,clMcf7_exp20240515_h4_b1_ic0_cDD.tif,clMcf7_exp20240515_h4_b1_ic0_cED.tif,clMcf7_exp20240515_h4_b1_ic0_cMB.tif,101,1,4,0,20240515
clMcf7_exp20240515_h4_b20_ic0_cAA.tif,clMcf7_exp20240515_h4_b20_ic0_cDA.tif,clMcf7_exp20240515_h4_b20_ic0_cDD.tif,clMcf7_exp20240515_h4_b20_ic0_cED.tif,clMcf7_exp20240515_h4_b20_ic0_cMB.tif,102,20,4,0,20240515
clMcf7_exp20240515_h4_b2_ic0_cAA.tif,clMcf7_exp20240515_h4_b2_ic0_cDA.tif,clMcf7_exp20240515_h4_b2_ic0_cDD.tif,clMcf7_exp20240515_h4_b2_ic0_cED.tif,clMcf7_exp20240515_h4_b2_ic0_cMB.tif,103,2,4,0,20240515
clMcf7_exp20240515_h4_b3_ic0_cAA.tif,clMcf7_exp20240515_h4_b3_ic0_cDA.tif,clMcf7_exp20240515_h4_b3_ic0_cDD.tif,clMcf7_exp20240515_h4_b3_ic0_cED.tif,clMcf7_exp20240515_h4_b3_ic0_cMB.tif,104,3,4,0,20240515
clMcf7_exp20240515_h4_b4_ic0_cAA.tif,clMcf7_exp20240515_h4_b4_ic0_cDA.tif,clMcf7_exp20240515_h4_b4_ic0_cDD.tif,clMcf7_exp20240515_h4_b4_ic0_cED.tif,clMcf7_exp20240515_h4_b4_ic0_cMB.tif,105,4,4,0,20240515
clMcf7_exp20240515_h4_b5_ic0_cAA.tif,clMcf7_exp20240515_h4_b5_ic0_cDA.tif,clMcf7_exp20240515_h4_b5_ic0_cDD.tif,clMcf7_exp20240515_h4_b5_ic0_cED.tif,clMcf7_exp20240515_h4_b5_ic0_cMB.tif,106,5,4,0,20240515
clMcf7_exp20240515_h4_b6_ic0_cAA.tif,clMcf7_exp20240515_h4_b6_ic0_cDA.tif,clMcf7_exp20240515_h4_b6_ic0_cDD.tif,clMcf7_exp20240515_h4_b6_ic0_cED.tif,clMcf7_exp20240515_h4_b6_ic0_cMB.tif,107,6,4,0,20240515
clMcf7_exp20240515_h4_b7_ic0_cAA.tif,clMcf7_exp20240515_h4_b7_ic0_cDA.tif,clMcf7_exp20240515_h4_b7_ic0_cDD.tif,clMcf7_exp20240515_h4_b7_ic0_cED.tif,clMcf7_exp20240515_h4_b7_ic0_cMB.tif,108,7,4,0,20240515
clMcf7_exp20240515_h4_b8_ic0_cAA.tif,clMcf7_exp20240515_h4_b8_ic0_cDA.tif,clMcf7_exp20240515_h4_b8_ic0_cDD.tif,clMcf7_exp20240515_h4_b8_ic0_cED.tif,clMcf7_exp20240515_h4_b8_ic0_cMB.tif,109,8,4,0,20240515
clMcf7_exp20240515_h4_b9_ic0_cAA.tif,clMcf7_exp20240515_h4_b9_ic0_cDA.tif,clMcf7_exp20240515_h4_b9_ic0_cDD.tif,clMcf7_exp20240515_h4_b9_ic0_cED.tif,clMcf7_exp20240515_h4_b9_ic0_cMB.tif,110,9,4,0,20240515
clMcf7_exp20240515_h4_b0_ic1_cAA.tif,clMcf7_exp20240515_h4_b0_ic1_cDA.tif,clMcf7_exp20240515_h4_b0_ic1_cDD.tif,clMcf7_exp20240515_h4_b0_ic1_cED.tif,clMcf7_exp20240515_h4_b0_ic1_cMB.tif,111,0,4,1,20240515
clMcf7_exp20240515_h4_b10_ic1_cAA.tif,clMcf7_exp20240515_h4_b10_ic1_cDA.tif,clMcf7_exp20240515_h4_b10_ic1_cDD.tif,clMcf7_exp20240515_h4_b10_ic1_cED.tif,clMcf7_exp20240515_h4_b10_ic1_cMB.tif,112,10,4,1,20240515
clMcf7_exp20240515_h4_b11_ic1_cAA.tif,clMcf7_exp20240515_h4_b11_ic1_cDA.tif,clMcf7_exp20240515_h4_b11_ic1_cDD.tif,clMcf7_exp20240515_h4_b11_ic1_cED.tif,clMcf7_exp20240515_h4_b11_ic1_cMB.tif,113,11,4,1,20240515
clMcf7_exp20240515_h4_b12_ic1_cAA.tif,clMcf7_exp20240515_h4_b12_ic1_cDA.tif,clMcf7_exp20240515_h4_b12_ic1_cDD.tif,clMcf7_exp20240515_h4_b12_ic1_cED.tif,clMcf7_exp20240515_h4_b12_ic1_cMB.tif,114,12,4,1,20240515
clMcf7_exp20240515_h4_b13_ic1_cAA.tif,clMcf7_exp20240515_h4_b13_ic1_cDA.tif,clMcf7_exp20240515_h4_b13_ic1_cDD.tif,clMcf7_exp20240515_h4_b13_ic1_cED.tif,clMcf7_exp20240515_h4_b13_ic1_cMB.tif,115,13,4,1,20240515
clMcf7_exp20240515_h4_b14_ic1_cAA.tif,clMcf7_exp20240515_h4_b14_ic1_cDA.tif,clMcf7_exp20240515_h4_b14_ic1_cDD.tif,clMcf7_exp20240515_h4_b14_ic1_cED.tif,clMcf7_exp20240515_h4_b14_ic1_cMB.tif,116,14,4,1,20240515
clMcf7_exp20240515_h4_b15_ic1_cAA.tif,clMcf7_exp20240515_h4_b15_ic1_cDA.tif,clMcf7_exp20240515_h4_b15_ic1_cDD.tif,clMcf7_exp20240515_h4_b15_ic1_cED.tif,clMcf7_exp20240515_h4_b15_ic1_cMB.tif,117,15,4,1,20240515
clMcf7_exp20240515_h4_b16_ic1_cAA.tif,clMcf7_exp20240515_h4_b16_ic1_cDA.tif,clMcf7_exp20240515_h4_b16_ic1_cDD.tif,clMcf7_exp20240515_h4_b16_ic1_cED.tif,clMcf7_exp20240515_h4_b16_ic1_cMB.tif,118,16,4,1,20240515
clMcf7_exp20240515_h4_b17_ic1_cAA.tif,clMcf7_exp20240515_h4_b17_ic1_cDA.tif,clMcf7_exp20240515_h4_b17_ic1_cDD.tif,clMcf7_exp20240515_h4_b17_ic1_cED.tif,clMcf7_exp20240515_h4_b17_ic1_cMB.tif,119,17,4,1,20240515
clMcf7_exp20240515_h4_b18_ic1_cAA.tif,clMcf7_exp20240515_h4_b18_ic1_cDA.tif,clMcf7_exp20240515_h4_b18_ic1_cDD.tif,clMcf7_exp20240515_h4_b18_ic1_cED.tif,clMcf7_exp20240515_h4_b18_ic1_cMB.tif,120,18,4,1,20240515
clMcf7_exp20240515_h4_b19_ic1_cAA.tif,clMcf7_exp20240515_h4_b19_ic1_cDA.tif,clMcf7_exp20240515_h4_b19_ic1_cDD.tif,clMcf7_exp20240515_h4_b19_ic1_cED.tif,clMcf7_exp20240515_h4_b19_ic1_cMB.tif,121,19,4,1,20240515
clMcf7_exp20240515_h4_b1_ic1_cAA.tif,clMcf7_exp20240515_h4_b1_ic1_cDA.tif,clMcf7_exp20240515_h4_b1_ic1_cDD.tif,clMcf7_exp20240515_h4_b1_ic1_cED.tif,clMcf7_exp20240515_h4_b1_ic1_cMB.tif,122,1,4,1,20240515
clMcf7_exp20240515_h4_b20_ic1_cAA.tif,clMcf7_exp20240515_h4_b20_ic1_cDA.tif,clMcf7_exp20240515_h4_b20_ic1_cDD.tif,clMcf7_exp20240515_h4_b20_ic1_cED.tif,clMcf7_exp20240515_h4_b20_ic1_cMB.tif,123,20,4,1,20240515
clMcf7_exp20240515_h4_b2_ic1_cAA.tif,clMcf7_exp20240515_h4_b2_ic1_cDA.tif,clMcf7_exp20240515_h4_b2_ic1_cDD.tif,clMcf7_exp20240515_h4_b2_ic1_cED.tif,clMcf7_exp20240515_h4_b2_ic1_cMB.tif,124,2,4,1,20240515
clMcf7_exp20240515_h4_b3_ic1_cAA.tif,clMcf7_exp20240515_h4_b3_ic1_cDA.tif,clMcf7_exp20240515_h4_b3_ic1_cDD.tif,clMcf7_exp20240515_h4_b3_ic1_cED.tif,clMcf7_exp20240515_h4_b3_ic1_cMB.tif,125,3,4,1,20240515
clMcf7_exp20240515_h4_b4_ic1_cAA.tif,clMcf7_exp20240515_h4_b4_ic1_cDA.tif,clMcf7_exp20240515_h4_b4_ic1_cDD.tif,clMcf7_exp20240515_h4_b4_ic1_cED.tif,clMcf7_exp20240515_h4_b4_ic1_cMB.tif,126,4,4,1,20240515
clMcf7_exp20240515_h4_b5_ic1_cAA.tif,clMcf7_exp20240515_h4_b5_ic1_cDA.tif,clMcf7_exp20240515_h4_b5_ic1_cDD.tif,clMcf7_exp20240515_h4_b5_ic1_cED.tif,clMcf7_exp20240515_h4_b5_ic1_cMB.tif,127,5,4,1,20240515
clMcf7_exp20240515_h4_b6_ic1_cAA.tif,clMcf7_exp20240515_h4_b6_ic1_cDA.tif,clMcf7_exp20240515_h4_b6_ic1_cDD.tif,clMcf7_exp20240515_h4_b6_ic1_cED.tif,clMcf7_exp20240515_h4_b6_ic1_cMB.tif,128,6,4,1,20240515
clMcf7_exp20240515_h4_b7_ic1_cAA.tif,clMcf7_exp20240515_h4_b7_ic1_cDA.tif,clMcf7_exp20240515_h4_b7_ic1_cDD.tif,clMcf7_exp20240515_h4_b7_ic1_cED.tif,clMcf7_exp20240515_h4_b7_ic1_cMB.tif,129,7,4,1,20240515
clMcf7_exp20240515_h4_b8_ic1_cAA.tif,clMcf7_exp20240515_h4_b8_ic1_cDA.tif,clMcf7_exp20240515_h4_b8_ic1_cDD.tif,clMcf7_exp20240515_h4_b8_ic1_cED.tif,clMcf7_exp20240515_h4_b8_ic1_cMB.tif,130,8,4,1,20240515
clMcf7_exp20240515_h4_b9_ic1_cAA.tif,clMcf7_exp20240515_h4_b9_ic1_cDA.tif,clMcf7_exp20240515_h4_b9_ic1_cDD.tif,clMcf7_exp20240515_h4_b9_ic1_cED.tif,clMcf7_exp20240515_h4_b9_ic1_cMB.tif,131,9,4,1,20240515
clMcf7_exp20240515_h5_b0_ic0_cAA.tif,clMcf7_exp20240515_h5_b0_ic0_cDA.tif,clMcf7_exp20240515_h5_b0_ic0_cDD.tif,clMcf7_exp20240515_h5_b0_ic0_cED.tif,clMcf7_exp20240515_h5_b0_ic0_cMB.tif,132,0,5,0,20240515
clMcf7_exp20240515_h5_b10_ic0_cAA.tif,clMcf7_exp20240515_h5_b10_ic0_cDA.tif,clMcf7_exp20240515_h5_b10_ic0_cDD.tif,clMcf7_exp20240515_h5_b10_ic0_cED.tif,clMcf7_exp20240515_h5_b10_ic0_cMB.tif,133,10,5,0,20240515
clMcf7_exp20240515_h5_b11_ic0_cAA.tif,clMcf7_exp20240515_h5_b11_ic0_cDA.tif,clMcf7_exp20240515_h5_b11_ic0_cDD.tif,clMcf7_exp20240515_h5_b11_ic0_cED.tif,clMcf7_exp20240515_h5_b11_ic0_cMB.tif,134,11,5,0,20240515
clMcf7_exp20240515_h5_b12_ic0_cAA.tif,clMcf7_exp20240515_h5_b12_ic0_cDA.tif,clMcf7_exp20240515_h5_b12_ic0_cDD.tif,clMcf7_exp20240515_h5_b12_ic0_cED.tif,clMcf7_exp20240515_h5_b12_ic0_cMB.tif,135,12,5,0,20240515
clMcf7_exp20240515_h5_b13_ic0_cAA.tif,clMcf7_exp20240515_h5_b13_ic0_cDA.tif,clMcf7_exp20240515_h5_b13_ic0_cDD.tif,clMcf7_exp20240515_h5_b13_ic0_cED.tif,clMcf7_exp20240515_h5_b13_ic0_cMB.tif,136,13,5,0,20240515
clMcf7_exp20240515_h5_b14_ic0_cAA.tif,clMcf7_exp20240515_h5_b14_ic0_cDA.tif,clMcf7_exp20240515_h5_b14_ic0_cDD.tif,clMcf7_exp20240515_h5_b14_ic0_cED.tif,clMcf7_exp20240515_h5_b14_ic0_cMB.tif,137,14,5,0,20240515
clMcf7_exp20240515_h5_b15_ic0_cAA.tif,clMcf7_exp20240515_h5_b15_ic0_cDA.tif,clMcf7_exp20240515_h5_b15_ic0_cDD.tif,clMcf7_exp20240515_h5_b15_ic0_cED.tif,clMcf7_exp20240515_h5_b15_ic0_cMB.tif,138,15,5,0,20240515
clMcf7_exp20240515_h5_b16_ic0_cAA.tif,clMcf7_exp20240515_h5_b16_ic0_cDA.tif,clMcf7_exp20240515_h5_b16_ic0_cDD.tif,clMcf7_exp20240515_h5_b16_ic0_cED.tif,clMcf7_exp20240515_h5_b16_ic0_cMB.tif,139,16,5,0,20240515
clMcf7_exp20240515_h5_b17_ic0_cAA.tif,clMcf7_exp20240515_h5_b17_ic0_cDA.tif,clMcf7_exp20240515_h5_b17_ic0_cDD.tif,clMcf7_exp20240515_h5_b17_ic0_cED.tif,clMcf7_exp20240515_h5_b17_ic0_cMB.tif,140,17,5,0,20240515
clMcf7_exp20240515_h5_b18_ic0_cAA.tif,clMcf7_exp20240515_h5_b18_ic0_cDA.tif,clMcf7_exp20240515_h5_b18_ic0_cDD.tif,clMcf7_exp20240515_h5_b18_ic0_cED.tif,clMcf7_exp20240515_h5_b18_ic0_cMB.tif,141,18,5,0,20240515
clMcf7_exp20240515_h5_b19_ic0_cAA.tif,clMcf7_exp20240515_h5_b19_ic0_cDA.tif,clMcf7_exp20240515_h5_b19_ic0_cDD.tif,clMcf7_exp20240515_h5_b19_ic0_cED.tif,clMcf7_exp20240515_h5_b19_ic0_cMB.tif,142,19,5,0,20240515
clMcf7_exp20240515_h5_b1_ic0_cAA.tif,clMcf7_exp20240515_h5_b1_ic0_cDA.tif,clMcf7_exp20240515_h5_b1_ic0_cDD.tif,clMcf7_exp20240515_h5_b1_ic0_cED.tif,clMcf7_exp20240515_h5_b1_ic0_cMB.tif,143,1,5,0,20240515
clMcf7_exp20240515_h5_b2_ic0_cAA.tif,clMcf7_exp20240515_h5_b2_ic0_cDA.tif,clMcf7_exp20240515_h5_b2_ic0_cDD.tif,clMcf7_exp20240515_h5_b2_ic0_cED.tif,clMcf7_exp20240515_h5_b2_ic0_cMB.tif,144,2,5,0,20240515
clMcf7_exp20240515_h5_b3_ic0_cAA.tif,clMcf7_exp20240515_h5_b3_ic0_cDA.tif,clMcf7_exp20240515_h5_b3_ic0_cDD.tif,clMcf7_exp20240515_h5_b3_ic0_cED.tif,clMcf7_exp20240515_h5_b3_ic0_cMB.tif,145,3,5,0,20240515
clMcf7_exp20240515_h5_b4_ic0_cAA.tif,clMcf7_exp20240515_h5_b4_ic0_cDA.tif,clMcf7_exp20240515_h5_b4_ic0_cDD.tif,clMcf7_exp20240515_h5_b4_ic0_cED.tif,clMcf7_exp20240515_h5_b4_ic0_cMB.tif,146,4,5,0,20240515
clMcf7_exp20240515_h5_b5_ic0_cAA.tif,clMcf7_exp20240515_h5_b5_ic0_cDA.tif,clMcf7_exp20240515_h5_b5_ic0_cDD.tif,clMcf7_exp20240515_h5_b5_ic0_cED.tif,clMcf7_exp20240515_h5_b5_ic0_cMB.tif,147,5,5,0,20240515
clMcf7_exp20240515_h5_b6_ic0_cAA.tif,clMcf7_exp20240515_h5_b6_ic0_cDA.tif,clMcf7_exp20240515_h5_b6_ic0_cDD.tif,clMcf7_exp20240515_h5_b6_ic0_cED.tif,clMcf7_exp20240515_h5_b6_ic0_cMB.tif,148,6,5,0,20240515
clMcf7_exp20240515_h5_b7_ic0_cAA.tif,clMcf7_exp20240515_h5_b7_ic0_cDA.tif,clMcf7_exp20240515_h5_b7_ic0_cDD.tif,clMcf7_exp20240515_h5_b7_ic0_cED.tif,clMcf7_exp20240515_h5_b7_ic0_cMB.tif,149,7,5,0,20240515
clMcf7_exp20240515_h5_b8_ic0_cAA.tif,clMcf7_exp20240515_h5_b8_ic0_cDA.tif,clMcf7_exp20240515_h5_b8_ic0_cDD.tif,clMcf7_exp20240515_h5_b8_ic0_cED.tif,clMcf7_exp20240515_h5_b8_ic0_cMB.tif,150,8,5,0,20240515
clMcf7_exp20240515_h5_b9_ic0_cAA.tif,clMcf7_exp20240515_h5_b9_ic0_cDA.tif,clMcf7_exp20240515_h5_b9_ic0_cDD.tif,clMcf7_exp20240515_h5_b9_ic0_cED.tif,clMcf7_exp20240515_h5_b9_ic0_cMB.tif,151,9,5,0,20240515
clMcf7_exp20240515_h5_b0_ic1_cAA.tif,clMcf7_exp20240515_h5_b0_ic1_cDA.tif,clMcf7_exp20240515_h5_b0_ic1_cDD.tif,clMcf7_exp20240515_h5_b0_ic1_cED.tif,clMcf7_exp20240515_h5_b0_ic1_cMB.tif,152,0,5,1,20240515
clMcf7_exp20240515_h6_b0_ic0_cAA.tif,clMcf7_exp20240515_h6_b0_ic0_cDA.tif,clMcf7_exp20240515_h6_b0_ic0_cDD.tif,clMcf7_exp20240515_h6_b0_ic0_cED.tif,clMcf7_exp20240515_h6_b0_ic0_cMB.tif,153,0,6,0,20240515
clMcf7_exp20240515_h6_b10_ic0_cAA.tif,clMcf7_exp20240515_h6_b10_ic0_cDA.tif,clMcf7_exp20240515_h6_b10_ic0_cDD.tif,clMcf7_exp20240515_h6_b10_ic0_cED.tif,clMcf7_exp20240515_h6_b10_ic0_cMB.tif,154,10,6,0,20240515
clMcf7_exp20240515_h6_b11_ic0_cAA.tif,clMcf7_exp20240515_h6_b11_ic0_cDA.tif,clMcf7_exp20240515_h6_b11_ic0_cDD.tif,clMcf7_exp20240515_h6_b11_ic0_cED.tif,clMcf7_exp20240515_h6_b11_ic0_cMB.tif,155,11,6,0,20240515
clMcf7_exp20240515_h6_b12_ic0_cAA.tif,clMcf7_exp20240515_h6_b12_ic0_cDA.tif,clMcf7_exp20240515_h6_b12_ic0_cDD.tif,clMcf7_exp20240515_h6_b12_ic0_cED.tif,clMcf7_exp20240515_h6_b12_ic0_cMB.tif,156,12,6,0,20240515
clMcf7_exp20240515_h6_b13_ic0_cAA.tif,clMcf7_exp20240515_h6_b13_ic0_cDA.tif,clMcf7_exp20240515_h6_b13_ic0_cDD.tif,clMcf7_exp20240515_h6_b13_ic0_cED.tif,clMcf7_exp20240515_h6_b13_ic0_cMB.tif,157,13,6,0,20240515
clMcf7_exp20240515_h6_b14_ic0_cAA.tif,clMcf7_exp20240515_h6_b14_ic0_cDA.tif,clMcf7_exp20240515_h6_b14_ic0_cDD.tif,clMcf7_exp20240515_h6_b14_ic0_cED.tif,clMcf7_exp20240515_h6_b14_ic0_cMB.tif,158,14,6,0,20240515
clMcf7_exp20240515_h6_b15_ic0_cAA.tif,clMcf7_exp20240515_h6_b15_ic0_cDA.tif,clMcf7_exp20240515_h6_b15_ic0_cDD.tif,clMcf7_exp20240515_h6_b15_ic0_cED.tif,clMcf7_exp20240515_h6_b15_ic0_cMB.tif,159,15,6,0,20240515
clMcf7_exp20240515_h6_b16_ic0_cAA.tif,clMcf7_exp20240515_h6_b16_ic0_cDA.tif,clMcf7_exp20240515_h6_b16_ic0_cDD.tif,clMcf7_exp20240515_h6_b16_ic0_cED.tif,clMcf7_exp20240515_h6_b16_ic0_cMB.tif,160,16,6,0,20240515
clMcf7_exp20240515_h6_b17_ic0_cAA.tif,clMcf7_exp20240515_h6_b17_ic0_cDA.tif,clMcf7_exp20240515_h6_b17_ic0_cDD.tif,clMcf7_exp20240515_h6_b17_ic0_cED.tif,clMcf7_exp20240515_h6_b17_ic0_cMB.tif,161,17,6,0,20240515
clMcf7_exp20240515_h6_b18_ic0_cAA.tif,clMcf7_exp20240515_h6_b18_ic0_cDA.tif,clMcf7_exp20240515_h6_b18_ic0_cDD.tif,clMcf7_exp20240515_h6_b18_ic0_cED.tif,clMcf7_exp20240515_h6_b18_ic0_cMB.tif,162,18,6,0,20240515
clMcf7_exp20240515_h6_b19_ic0_cAA.tif,clMcf7_exp20240515_h6_b19_ic0_cDA.tif,clMcf7_exp20240515_h6_b19_ic0_cDD.tif,clMcf7_exp20240515_h6_b19_ic0_cED.tif,clMcf7_exp20240515_h6_b19_ic0_cMB.tif,163,19,6,0,20240515
clMcf7_exp20240515_h6_b1_ic0_cAA.tif,clMcf7_exp20240515_h6_b1_ic0_cDA.tif,clMcf7_exp20240515_h6_b1_ic0_cDD.tif,clMcf7_exp20240515_h6_b1_ic0_cED.tif,clMcf7_exp20240515_h6_b1_ic0_cMB.tif,164,1,6,0,20240515
clMcf7_exp20240515_h6_b20_ic0_cAA.tif,clMcf7_exp20240515_h6_b20_ic0_cDA.tif,clMcf7_exp20240515_h6_b20_ic0_cDD.tif,clMcf7_exp20240515_h6_b20_ic0_cED.tif,clMcf7_exp20240515_h6_b20_ic0_cMB.tif,165,20,6,0,20240515
clMcf7_exp20240515_h6_b21_ic0_cAA.tif,clMcf7_exp20240515_h6_b21_ic0_cDA.tif,clMcf7_exp20240515_h6_b21_ic0_cDD.tif,clMcf7_exp20240515_h6_b21_ic0_cED.tif,clMcf7_exp20240515_h6_b21_ic0_cMB.tif,166,21,6,0,20240515
clMcf7_exp20240515_h6_b22_ic0_cAA.tif,clMcf7_exp20240515_h6_b22_ic0_cDA.tif,clMcf7_exp20240515_h6_b22_ic0_cDD.tif,clMcf7_exp20240515_h6_b22_ic0_cED.tif,clMcf7_exp20240515_h6_b22_ic0_cMB.tif,167,22,6,0,20240515
clMcf7_exp20240515_h6_b2_ic0_cAA.tif,clMcf7_exp20240515_h6_b2_ic0_cDA.tif,clMcf7_exp20240515_h6_b2_ic0_cDD.tif,clMcf7_exp20240515_h6_b2_ic0_cED.tif,clMcf7_exp20240515_h6_b2_ic0_cMB.tif,168,2,6,0,20240515
clMcf7_exp20240515_h6_b3_ic0_cAA.tif,clMcf7_exp20240515_h6_b3_ic0_cDA.tif,clMcf7_exp20240515_h6_b3_ic0_cDD.tif,clMcf7_exp20240515_h6_b3_ic0_cED.tif,clMcf7_exp20240515_h6_b3_ic0_cMB.tif,169,3,6,0,20240515
clMcf7_exp20240515_h6_b4_ic0_cAA.tif,clMcf7_exp20240515_h6_b4_ic0_cDA.tif,clMcf7_exp20240515_h6_b4_ic0_cDD.tif,clMcf7_exp20240515_h6_b4_ic0_cED.tif,clMcf7_exp20240515_h6_b4_ic0_cMB.tif,170,4,6,0,20240515
clMcf7_exp20240515_h6_b5_ic0_cAA.tif,clMcf7_exp20240515_h6_b5_ic0_cDA.tif,clMcf7_exp20240515_h6_b5_ic0_cDD.tif,clMcf7_exp20240515_h6_b5_ic0_cED.tif,clMcf7_exp20240515_h6_b5_ic0_cMB.tif,171,5,6,0,20240515
clMcf7_exp20240515_h6_b6_ic0_cAA.tif,clMcf7_exp20240515_h6_b6_ic0_cDA.tif,clMcf7_exp20240515_h6_b6_ic0_cDD.tif,clMcf7_exp20240515_h6_b6_ic0_cED.tif,clMcf7_exp20240515_h6_b6_ic0_cMB.tif,172,6,6,0,20240515
clMcf7_exp20240515_h6_b7_ic0_cAA.tif,clMcf7_exp20240515_h6_b7_ic0_cDA.tif,clMcf7_exp20240515_h6_b7_ic0_cDD.tif,clMcf7_exp20240515_h6_b7_ic0_cED.tif,clMcf7_exp20240515_h6_b7_ic0_cMB.tif,173,7,6,0,20240515
clMcf7_exp20240515_h6_b8_ic0_cAA.tif,clMcf7_exp20240515_h6_b8_ic0_cDA.tif,clMcf7_exp20240515_h6_b8_ic0_cDD.tif,clMcf7_exp20240515_h6_b8_ic0_cED.tif,clMcf7_exp20240515_h6_b8_ic0_cMB.tif,174,8,6,0,20240515
clMcf7_exp20240515_h6_b9_ic0_cAA.tif,clMcf7_exp20240515_h6_b9_ic0_cDA.tif,clMcf7_exp20240515_h6_b9_ic0_cDD.tif,clMcf7_exp20240515_h6_b9_ic0_cED.tif,clMcf7_exp20240515_h6_b9_ic0_cMB.tif,175,9,6,0,20240515
clMcf7_exp20240515_h6_b0_ic1_cAA.tif,clMcf7_exp20240515_h6_b0_ic1_cDA.tif,clMcf7_exp20240515_h6_b0_ic1_cDD.tif,clMcf7_exp20240515_h6_b0_ic1_cED.tif,clMcf7_exp20240515_h6_b0_ic1_cMB.tif,176,0,6,1,20240515
clMcf7_exp20240515_h6_b10_ic1_cAA.tif,clMcf7_exp20240515_h6_b10_ic1_cDA.tif,clMcf7_exp20240515_h6_b10_ic1_cDD.tif,clMcf7_exp20240515_h6_b10_ic1_cED.tif,clMcf7_exp20240515_h6_b10_ic1_cMB.tif,177,10,6,1,20240515
clMcf7_exp20240515_h6_b11_ic1_cAA.tif,clMcf7_exp20240515_h6_b11_ic1_cDA.tif,clMcf7_exp20240515_h6_b11_ic1_cDD.tif,clMcf7_exp20240515_h6_b11_ic1_cED.tif,clMcf7_exp20240515_h6_b11_ic1_cMB.tif,178,11,6,1,20240515
clMcf7_exp20240515_h6_b12_ic1_cAA.tif,clMcf7_exp20240515_h6_b12_ic1_cDA.tif,clMcf7_exp20240515_h6_b12_ic1_cDD.tif,clMcf7_exp20240515_h6_b12_ic1_cED.tif,clMcf7_exp20240515_h6_b12_ic1_cMB.tif,179,12,6,1,20240515
clMcf7_exp20240515_h6_b13_ic1_cAA.tif,clMcf7_exp20240515_h6_b13_ic1_cDA.tif,clMcf7_exp20240515_h6_b13_ic1_cDD.tif,clMcf7_exp20240515_h6_b13_ic1_cED.tif,clMcf7_exp20240515_h6_b13_ic1_cMB.tif,180,13,6,1,20240515
clMcf7_exp20240515_h6_b14_ic1_cAA.tif,clMcf7_exp20240515_h6_b14_ic1_cDA.tif,clMcf7_exp20240515_h6_b14_ic1_cDD.tif,clMcf7_exp20240515_h6_b14_ic1_cED.tif,clMcf7_exp20240515_h6_b14_ic1_cMB.tif,181,14,6,1,20240515
clMcf7_exp20240515_h6_b15_ic1_cAA.tif,clMcf7_exp20240515_h6_b15_ic1_cDA.tif,clMcf7_exp20240515_h6_b15_ic1_cDD.tif,clMcf7_exp20240515_h6_b15_ic1_cED.tif,clMcf7_exp20240515_h6_b15_ic1_cMB.tif,182,15,6,1,20240515
clMcf7_exp20240515_h6_b16_ic1_cAA.tif,clMcf7_exp20240515_h6_b16_ic1_cDA.tif,clMcf7_exp20240515_h6_b16_ic1_cDD.tif,clMcf7_exp20240515_h6_b16_ic1_cED.tif,clMcf7_exp20240515_h6_b16_ic1_cMB.tif,183,16,6,1,20240515
clMcf7_exp20240515_h6_b17_ic1_cAA.tif,clMcf7_exp20240515_h6_b17_ic1_cDA.tif,clMcf7_exp20240515_h6_b17_ic1_cDD.tif,clMcf7_exp20240515_h6_b17_ic1_cED.tif,clMcf7_exp20240515_h6_b17_ic1_cMB.tif,184,17,6,1,20240515
clMcf7_exp20240515_h6_b18_ic1_cAA.tif,clMcf7_exp20240515_h6_b18_ic1_cDA.tif,clMcf7_exp20240515_h6_b18_ic1_cDD.tif,clMcf7_exp20240515_h6_b18_ic1_cED.tif,clMcf7_exp20240515_h6_b18_ic1_cMB.tif,185,18,6,1,20240515
clMcf7_exp20240515_h6_b19_ic1_cAA.tif,clMcf7_exp20240515_h6_b19_ic1_cDA.tif,clMcf7_exp20240515_h6_b19_ic1_cDD.tif,clMcf7_exp20240515_h6_b19_ic1_cED.tif,clMcf7_exp20240515_h6_b19_ic1_cMB.tif,186,19,6,1,20240515
clMcf7_exp20240515_h6_b1_ic1_cAA.tif,clMcf7_exp20240515_h6_b1_ic1_cDA.tif,clMcf7_exp20240515_h6_b1_ic1_cDD.tif,clMcf7_exp20240515_h6_b1_ic1_cED.tif,clMcf7_exp20240515_h6_b1_ic1_cMB.tif,187,1,6,1,20240515
clMcf7_exp20240515_h6_b20_ic1_cAA.tif,clMcf7_exp20240515_h6_b20_ic1_cDA.tif,clMcf7_exp20240515_h6_b20_ic1_cDD.tif,clMcf7_exp20240515_h6_b20_ic1_cED.tif,clMcf7_exp20240515_h6_b20_ic1_cMB.tif,188,20,6,1,20240515
clMcf7_exp20240515_h6_b21_ic1_cAA.tif,clMcf7_exp20240515_h6_b21_ic1_cDA.tif,clMcf7_exp20240515_h6_b21_ic1_cDD.tif,clMcf7_exp20240515_h6_b21_ic1_cED.tif,clMcf7_exp20240515_h6_b21_ic1_cMB.tif,189,21,6,1,20240515
clMcf7_exp20240515_h6_b22_ic1_cAA.tif,clMcf7_exp20240515_h6_b22_ic1_cDA.tif,clMcf7_exp20240515_h6_b22_ic1_cDD.tif,clMcf7_exp20240515_h6_b22_ic1_cED.tif,clMcf7_exp20240515_h6_b22_ic1_cMB.tif,190,22,6,1,20240515
clMcf7_exp20240515_h6_b23_ic1_cAA.tif,clMcf7_exp20240515_h6_b23_ic1_cDA.tif,clMcf7_exp20240515_h6_b23_ic1_cDD.tif,clMcf7_exp20240515_h6_b23_ic1_cED.tif,clMcf7_exp20240515_h6_b23_ic1_cMB.tif,191,23,6,1,20240515
clMcf7_exp20240515_h6_b24_ic1_cAA.tif,clMcf7_exp20240515_h6_b24_ic1_cDA.tif,clMcf7_exp20240515_h6_b24_ic1_cDD.tif,clMcf7_exp20240515_h6_b24_ic1_cED.tif,clMcf7_exp20240515_h6_b24_ic1_cMB.tif,192,24,6,1,20240515
clMcf7_exp20240515_h6_b25_ic1_cAA.tif,clMcf7_exp20240515_h6_b25_ic1_cDA.tif,clMcf7_exp20240515_h6_b25_ic1_cDD.tif,clMcf7_exp20240515_h6_b25_ic1_cED.tif,clMcf7_exp20240515_h6_b25_ic1_cMB.tif,193,25,6,1,20240515
clMcf7_exp20240515_h6_b26_ic1_cAA.tif,clMcf7_exp20240515_h6_b26_ic1_cDA.tif,clMcf7_exp20240515_h6_b26_ic1_cDD.tif,clMcf7_exp20240515_h6_b26_ic1_cED.tif,clMcf7_exp20240515_h6_b26_ic1_cMB.tif,194,26,6,1,20240515
clMcf7_exp20240515_h6_b27_ic1_cAA.tif,clMcf7_exp20240515_h6_b27_ic1_cDA.tif,clMcf7_exp20240515_h6_b27_ic1_cDD.tif,clMcf7_exp20240515_h6_b27_ic1_cED.tif,clMcf7_exp20240515_h6_b27_ic1_cMB.tif,195,27,6,1,20240515
clMcf7_exp20240515_h6_b28_ic1_cAA.tif,clMcf7_exp20240515_h6_b28_ic1_cDA.tif,clMcf7_exp20240515_h6_b28_ic1_cDD.tif,clMcf7_exp20240515_h6_b28_ic1_cED.tif,clMcf7_exp20240515_h6_b28_ic1_cMB.tif,196,28,6,1,20240515
clMcf7_exp20240515_h6_b29_ic1_cAA.tif,clMcf7_exp20240515_h6_b29_ic1_cDA.tif,clMcf7_exp20240515_h6_b29_ic1_cDD.tif,clMcf7_exp20240515_h6_b29_ic1_cED.tif,clMcf7_exp20240515_h6_b29_ic1_cMB.tif,197,29,6,1,20240515
clMcf7_exp20240515_h6_b2_ic1_cAA.tif,clMcf7_exp20240515_h6_b2_ic1_cDA.tif,clMcf7_exp20240515_h6_b2_ic1_cDD.tif,clMcf7_exp20240515_h6_b2_ic1_cED.tif,clMcf7_exp20240515_h6_b2_ic1_cMB.tif,198,2,6,1,20240515
clMcf7_exp20240515_h6_b3_ic1_cAA.tif,clMcf7_exp20240515_h6_b3_ic1_cDA.tif,clMcf7_exp20240515_h6_b3_ic1_cDD.tif,clMcf7_exp20240515_h6_b3_ic1_cED.tif,clMcf7_exp20240515_h6_b3_ic1_cMB.tif,199,3,6,1,20240515
clMcf7_exp20240515_h6_b4_ic1_cAA.tif,clMcf7_exp20240515_h6_b4_ic1_cDA.tif,clMcf7_exp20240515_h6_b4_ic1_cDD.tif,clMcf7_exp20240515_h6_b4_ic1_cED.tif,clMcf7_exp20240515_h6_b4_ic1_cMB.tif,200,4,6,1,20240515
clMcf7_exp20240515_h6_b5_ic1_cAA.tif,clMcf7_exp20240515_h6_b5_ic1_cDA.tif,clMcf7_exp20240515_h6_b5_ic1_cDD.tif,clMcf7_exp20240515_h6_b5_ic1_cED.tif,clMcf7_exp20240515_h6_b5_ic1_cMB.tif,201,5,6,1,20240515
clMcf7_exp20240515_h6_b6_ic1_cAA.tif,clMcf7_exp20240515_h6_b6_ic1_cDA.tif,clMcf7_exp20240515_h6_b6_ic1_cDD.tif,clMcf7_exp20240515_h6_b6_ic1_cED.tif,clMcf7_exp20240515_h6_b6_ic1_cMB.tif,202,6,6,1,20240515
clMcf7_exp20240515_h6_b7_ic1_cAA.tif,clMcf7_exp20240515_h6_b7_ic1_cDA.tif,clMcf7_exp20240515_h6_b7_ic1_cDD.tif,clMcf7_exp20240515_h6_b7_ic1_cED.tif,clMcf7_exp20240515_h6_b7_ic1_cMB.tif,203,7,6,1,20240515
clMcf7_exp20240515_h6_b8_ic1_cAA.tif,clMcf7_exp20240515_h6_b8_ic1_cDA.tif,clMcf7_exp20240515_h6_b8_ic1_cDD.tif,clMcf7_exp20240515_h6_b8_ic1_cED.tif,clMcf7_exp20240515_h6_b8_ic1_cMB.tif,204,8,6,1,20240515
clMcf7_exp20240515_h6_b9_ic1_cAA.tif,clMcf7_exp20240515_h6_b9_ic1_cDA.tif,clMcf7_exp20240515_h6_b9_ic1_cDD.tif,clMcf7_exp20240515_h6_b9_ic1_cED.tif,clMcf7_exp20240515_h6_b9_ic1_cMB.tif,205,9,6,1,20240515
